<?xml version="1.0" encoding="UTF-8"?>
<DARoots Version="1" Minor="26">
  <FileSet Name="sources" Type="DesignSrcs" RelSrcDir="$PSRCDIR/sources_1">
    <Filter Type="Srcs"/>
    <File Path="$PSRCDIR/sources_1/imports/verilog/reset_conditioner_1.v">
      <FileInfo>
        <Attr Name="ImportPath" Val="$PPRDIR/../../verilog/reset_conditioner_1.v"/>
        <Attr Name="ImportTime" Val="1570630189"/>
        <Attr Name="UsedInSynthesis" Val="1"/>
        <Attr Name="UsedInImplementation" Val="1"/>
        <Attr Name="UsedInSimulation" Val="1"/>
      </FileInfo>
    </File>
    <File Path="$PSRCDIR/sources_1/imports/verilog/mojo_top_0.v">
      <FileInfo>
        <Attr Name="ImportPath" Val="$PPRDIR/../../verilog/mojo_top_0.v"/>
        <Attr Name="ImportTime" Val="1570630189"/>
        <Attr Name="UsedInSynthesis" Val="1"/>
        <Attr Name="UsedInImplementation" Val="1"/>
        <Attr Name="UsedInSimulation" Val="1"/>
      </FileInfo>
    </File>
    <Config>
      <Option Name="DesignMode" Val="RTL"/>
      <Option Name="TopModule" Val="mojo_top_0"/>
      <Option Name="TopLib" Val="work"/>
      <Option Name="TopRTLFile" Val="$PSRCDIR/sources_1/imports/verilog/mojo_top_0.v"/>
      <Option Name="TopAutoSet" Val="TRUE"/>
    </Config>
  </FileSet>
</DARoots>
